{"commit":"bb654b6","programs":[{"U":70.0,"a_cv":3.3076261205780035,"a_heartbeats":[491,491,491,491,491,491,491,491,491,491,491,491,491,491,491],"a_median_ms":480.51300000000083,"a_wall_ms":[483.76200000000006,494.02099999999996,467.7299999999998,456.8960000000002,471.0050000000001,484.4960000000001,479.701,460.08500000000004,484.4309999999996,462.16899999999987,492.0479999999998,463.22299999999996,515.5600000000004,490.317,480.51300000000083],"b_cv":1.973423306470622,"b_heartbeats":[491,491,491,491,491,491,491,491,491,491,491,491,491,491,491],"b_median_ms":472.70200000000114,"b_wall_ms":[453.77499999999964,474.85199999999895,463.96299999999974,472.70200000000114,450.2029999999995,456.8919999999998,474.34799999999996,473.47099999999955,479.5599999999995,475.15399999999863,464.8629999999994,474.1149999999998,480.53399999999965,472.04699999999866,472.6280000000006],"p":0.0779311181618414,"program":"bool-logic.prologos","significant":false,"speedup":0.016524152637390266,"z":-1.762817881041723},{"U":71.0,"a_cv":2.4984027476793744,"a_heartbeats":[214,214,214,214,214,214,214,214,214,214,214,214,214,214,214],"a_median_ms":413.46700000000055,"a_wall_ms":[416.98199999999997,415.625,413.3590000000004,392.5679999999993,417.60199999999895,433.7990000000027,419.10399999999936,409.0529999999999,410.6270000000004,413.7330000000002,408.79399999999805,406.5099999999984,431.08300000000236,413.46700000000055,400.4249999999993],"b_cv":3.9590747988250317,"b_heartbeats":[214,214,214,214,214,214,214,214,214,214,214,214,214,214,214],"b_median_ms":418.8319999999985,"b_wall_ms":[419.6050000000032,414.9860000000008,405.3820000000014,415.2930000000015,435.3719999999994,418.8319999999985,414.46399999999994,428.6830000000009,413.53600000000006,432.28299999999945,406.5689999999995,429.54099999999744,474.14400000000023,422.7569999999978,412.9840000000004],"p":0.08518910581800743,"program":"church-folds.prologos","significant":false,"speedup":-0.01280943194406825,"z":-1.721339813252506},{"U":91.0,"a_cv":2.9323835748314724,"a_heartbeats":[118,118,118,118,118,118,118,118,118,118,118,118,118,118,118],"a_median_ms":325.70400000000154,"a_wall_ms":[315.80399999999645,327.8999999999978,325.70400000000154,318.97699999999895,337.97000000000116,326.32600000000093,336.8879999999954,328.5520000000033,323.43399999999383,313.28199999999924,310.599000000002,340.0329999999958,324.30599999999686,316.30800000000454,338.40400000000227],"b_cv":3.8163321796759577,"b_heartbeats":[118,118,118,118,118,118,118,118,118,118,118,118,118,118,118],"b_median_ms":329.49900000000343,"b_wall_ms":[325.7350000000006,316.52300000000105,331.6779999999999,363.6889999999985,330.8240000000005,325.89800000000105,324.6470000000045,339.80600000000413,313.9560000000056,330.32800000000134,335.4119999999966,316.0439999999944,329.49900000000343,316.4449999999997,338.55599999999686],"p":0.37251161645731123,"program":"dependent-types.prologos","significant":false,"speedup":-0.01151748563729127,"z":-0.8917784574681658},{"U":107.0,"a_cv":2.769051510253442,"a_heartbeats":[268,268,268,268,268,268,268,268,268,268,268,268,268,268,268],"a_median_ms":440.28399999999965,"a_wall_ms":[416.89100000000326,449.4979999999996,428.002999999997,450.60899999999674,434.1100000000006,454.3480000000054,440.28399999999965,438.01000000000204,438.38400000000547,432.29899999999907,453.6310000000012,440.61900000000605,447.4470000000001,421.15499999999884,457.21100000000297],"b_cv":4.780860389936626,"b_heartbeats":[268,268,268,268,268,268,268,268,268,268,268,268,268,268,268],"b_median_ms":436.1750000000029,"b_wall_ms":[443.0440000000017,435.4190000000017,428.71199999999953,436.1750000000029,440.9380000000019,429.34100000000035,417.73399999999674,460.44399999999587,494.9630000000034,434.09799999999814,421.7979999999952,422.275999999998,476.53800000000047,443.4649999999965,449.49699999999575],"p":0.8195457456085387,"program":"higher-order.prologos","significant":false,"speedup":0.00942053075026461,"z":-0.22812937284069357},{"U":79.0,"a_cv":2.667956262874452,"a_heartbeats":[406,406,406,406,406,406,406,406,406,406,406,406,406,406,406],"a_median_ms":476.95500000000175,"a_wall_ms":[447.93299999999726,493.38700000000244,476.5789999999979,479.9830000000002,457.8249999999971,461.3009999999995,476.95500000000175,489.21199999999953,464.3159999999989,482.77300000000105,466.7610000000059,486.0110000000059,475.51900000000023,479.9100000000035,483.5179999999964],"b_cv":2.809305086454861,"b_heartbeats":[406,406,406,406,406,406,406,406,406,406,406,406,406,406,406],"b_median_ms":481.21600000000035,"b_wall_ms":[483.47699999999895,460.0570000000007,469.98999999999796,474.2450000000099,480.18000000000757,478.3869999999879,510.92399999999907,484.0479999999952,502.29700000000594,504.2869999999966,487.5859999999957,470.84799999999814,481.21600000000035,482.6750000000029,480.9059999999881],"p":0.16467622823891492,"program":"implicit-args.prologos","significant":false,"speedup":-0.008854651549405235,"z":-1.38951527093877},{"U":105.0,"a_cv":5.047171777908491,"a_heartbeats":[210,210,210,210,210,210,210,210,210,210,210,210,210,210,210],"a_median_ms":404.9470000000001,"a_wall_ms":[399.13099999999395,399.4829999999929,414.1049999999959,470.8890000000101,396.52399999999034,384.83499999999185,425.122000000003,412.0570000000007,400.0309999999881,418.4389999999985,388.25100000000384,412.38300000000163,394.30100000000675,417.69400000000314,404.9470000000001],"b_cv":3.098716810935944,"b_heartbeats":[210,210,210,210,210,210,210,210,210,210,210,210,210,210,210],"b_median_ms":406.81699999999546,"b_wall_ms":[406.81699999999546,399.22299999999814,424.3799999999901,395.90299999999115,411.03800000000047,407.1219999999885,391.95999999999185,422.8150000000023,429.81299999999464,423.43000000000757,386.9189999999944,405.29999999998836,399.6840000000084,413.028999999995,406.61299999999756],"p":0.7557357462564362,"program":"nat-arithmetic.prologos","significant":false,"speedup":-0.0045966613981111015,"z":-0.3110855084191276},{"U":98.0,"a_cv":2.0541355285491902,"a_heartbeats":[273,273,273,273,273,273,273,273,273,273,273,273,273,273,273],"a_median_ms":439.77999999999884,"a_wall_ms":[451.56999999999243,439.77999999999884,435.9609999999957,451.56999999999243,431.650999999998,431.7630000000063,425.0310000000027,445.6880000000092,442.14100000000326,440.4079999999958,423.4670000000042,448.59000000001106,435.9629999999888,447.5479999999952,432.7810000000027],"b_cv":2.2462436630079665,"b_heartbeats":[273,273,273,273,273,273,273,273,273,273,273,273,273,273,273],"b_median_ms":442.1380000000063,"b_wall_ms":[442.1380000000063,449.76200000000244,439.57600000000093,412.46100000001024,435.5370000000112,437.9950000000099,442.8530000000028,449.03600000000733,443.3709999999992,450.2420000000129,448.3350000000064,443.5040000000008,426.1499999999942,438.2810000000027,441.75500000000466],"p":0.5475521938625536,"program":"pairs-sigma.prologos","significant":false,"speedup":-0.005333176519564997,"z":-0.6014319829436466},{"U":112.0,"a_cv":1.8864473088568554,"a_heartbeats":[199,199,199,199,199,199,199,199,199,199,199,199,199,199,199],"a_median_ms":346.5590000000084,"a_wall_ms":[344.1560000000027,356.22600000000966,350.38000000000466,342.13000000000466,356.1929999999993,346.5590000000084,357.3150000000023,349.5199999999895,342.3740000000107,359.4499999999971,344.3380000000034,345.0650000000023,357.5630000000092,339.92399999999907,345.8869999999879],"b_cv":3.5807806974420853,"b_heartbeats":[199,199,199,199,199,199,199,199,199,199,199,199,199,199,199],"b_median_ms":348.8380000000034,"b_wall_ms":[334.5390000000043,342.65200000000186,345.9850000000006,365.7639999999956,355.7869999999966,345.6710000000021,344.0219999999972,340.1000000000058,348.8380000000034,356.15299999999115,353.61999999999534,351.6290000000008,318.1270000000077,357.8570000000036,368.2899999999936],"p":0.9834537462359569,"program":"pattern-matching.prologos","significant":false,"speedup":-0.006533118524916892,"z":-0.020739033894608506},{"U":99.0,