{"commit":"b9543075","programs":[{"U":39.0,"a_cv":2.747122283802711,"a_heartbeats":[10190,10190,10190,10190,10190,10190,10190,10190,10190,10190],"a_median_ms":4521.358999999999,"a_wall_ms":[4515.102999999999,4589.605,4864.741,4536.146000000001,4441.5430000000015,4486.581000000002,4427.811000000005,4484.485999999997,4527.614999999998,4604.553],"b_cv":3.0338853057040205,"b_heartbeats":[10190,10190,10190,10190,10190,10190,10190,10190,10190,10190],"b_median_ms":4477.662000000004,"b_wall_ms":[4457.415999999997,4482.399000000005,4447.882999999994,4427.892000000007,4883.611999999994,4624.051000000007,4525.425000000003,4472.925000000003,4441.763000000006,4514.998000000007],"p":0.405678781080701,"program":"atms-adversarial.prologos","significant":false,"speedup":0.009758887562302476,"z":-0.8315218406202999}],"runs_per_program":10,"timestamp":"2026-04-07T23:50:55Z"}
