{"commit":"b9543075","programs":[{"U":32.0,"a_cv":4.830437870587147,"a_heartbeats":[1209,1209,1209,1209,1209,1209,1209,1209,1209,1209],"a_median_ms":3854.945999999998,"a_wall_ms":[4393.471,3976.9120000000003,3934.0469999999987,3852.9399999999987,3803.5499999999993,3749.094000000001,3752.261999999999,3794.368999999999,3904.453999999998,3856.9519999999975],"b_cv":3.375215915732535,"b_heartbeats":[1209,1209,1209,1209,1209,1209,1209,1209,1209,1209],"b_median_ms":3775.852999999999,"b_wall_ms":[3778.8529999999955,3754.5970000000016,3740.728000000003,3760.0699999999997,3837.3930000000037,4151.782999999996,3943.261999999988,3798.936999999991,3772.853000000003,3738.076000000001],"p":0.17361745163820186,"program":"scheduler-adversarial.prologos","significant":false,"speedup":0.020947054877400895,"z":-1.360672102833218}],"runs_per_program":10,"timestamp":"2026-04-07T23:44:47Z"}
