{"commit":"b9543075","programs":[{"U":30.0,"a_cv":1.346916381738361,"a_heartbeats":[5482,5482,5482,5482,5482,5482,5482,5482,5482,5482],"a_median_ms":4221.398,"a_wall_ms":[4324.645,4193.483,4215.234000000002,4232.365000000002,4316.091,4341.187000000002,4202.091000000004,4227.561999999998,4205.923999999999,4206.959000000003],"b_cv":2.904183289307737,"b_heartbeats":[5482,5482,5482,5482,5482,5482,5482,5482,5482,5482],"b_median_ms":4340.5795,"b_wall_ms":[4593.303999999996,4402.739000000001,4359.722000000002,4363.6990000000005,4228.642999999996,4173.917000000001,4188.3369999999995,4332.959000000003,4348.199999999997,4226.201000000001],"p":0.13057006612379274,"program":"solve-adversarial.prologos","significant":false,"speedup":-0.027457508841849276,"z":-1.511857892036909}],"runs_per_program":10,"timestamp":"2026-04-07T23:43:08Z"}
