{"commit":"b9543075","programs":[{"U":29.0,"a_cv":1.4578547655564136,"a_heartbeats":[6755,6755,6755,6755,6755,6755,6755,6755,6755,6755],"a_median_ms":4392.1315,"a_wall_ms":[4486.915999999999,4394.449999999999,4364.014000000001,4399.2119999999995,4506.676000000003,4518.953000000001,4344.995000000003,4389.813000000002,4380.290999999997,4361.2720000000045],"b_cv":3.5483153565000585,"b_heartbeats":[6755,6755,6755,6755,6755,6755,6755,6755,6755,6755],"b_median_ms":4419.228500000005,"b_wall_ms":[4879.726000000002,4622.636999999995,4463.631999999998,4378.834000000003,4382.582999999999,4399.2880000000005,4429.722000000009,4579.302000000011,4408.735000000001,4397.600999999995],"p":0.11241058753187794,"program":"constraints-adversarial.prologos","significant":false,"speedup":-0.0061316132442583715,"z":-1.5874507866387544}],"runs_per_program":10,"timestamp":"2026-04-07T23:43:12Z"}
