{"commit":"b264bda","programs":[{"U":76.0,"a_cv":1.8186077095876634,"a_heartbeats":[491,491,491,491,491,491,491,491,491,491,491,491,491,491,491],"a_median_ms":455.9569999999999,"a_wall_ms":[466.7280000000002,440.644,450.8489999999997,455.9569999999999,457.41499999999996,450.61900000000014,443.55600000000004,455.7560000000003,456.8089999999993,462.27999999999975,442.8029999999999,469.3590000000004,456.174,453.9830000000002,460.1289999999999],"b_cv":2.95186538261701,"b_heartbeats":[491,491,491,491,491,491,491,491,491,491,491,491,491,491,491],"b_median_ms":461.54399999999987,"b_wall_ms":[465.48099999999977,445.7569999999996,461.54399999999987,456.63800000000083,466.2450000000008,453.1389999999992,434.65900000000147,470.33100000000013,443.63900000000103,457.7009999999991,453.3019999999997,482.22500000000036,470.2450000000008,479.9389999999985,474.59000000000015],"p":0.13003870147833507,"program":"bool-logic.prologos","significant":false,"speedup":-0.012105021406409788,"z":-1.5139494743064208},{"U":64.0,"a_cv":2.859316914298879,"a_heartbeats":[214,214,214,214,214,214,214,214,214,214,214,214,214,214,214],"a_median_ms":405.5659999999989,"a_wall_ms":[391.0450000000019,414.20200000000114,397.9019999999982,392.8899999999994,379.7669999999998,411.82800000000134,407.71199999999953,390.28399999999965,412.1309999999976,410.02200000000084,384.54699999999866,405.5659999999989,411.01000000000204,392.7439999999988,410.8729999999996],"b_cv":20.46417358554729,"b_heartbeats":[214,214,214,214,214,214,214,214,214,214,214,214,214,214,214],"b_median_ms":414.6650000000009,"b_wall_ms":[381.7920000000013,404.8590000000004,401.48899999999776,388.869999999999,410.64400000000023,443.2950000000019,402.3080000000009,428.45800000000236,422.27200000000084,404.5249999999978,431.2459999999992,755.3729999999996,462.3889999999992,445.60199999999895,414.6650000000009],"p":0.04425287769429542,"program":"church-folds.prologos","significant":true,"speedup":-0.02194301424041567,"z":-2.011686287777025},{"U":81.0,"a_cv":4.615900170563591,"a_heartbeats":[118,118,118,118,118,118,118,118,118,118,118,118,118,118,118],"a_median_ms":312.14700000000084,"a_wall_ms":[349.73099999999977,307.5519999999997,315.52200000000084,304.1280000000006,312.14700000000084,317.6219999999994,305.6570000000029,334.06700000000274,300.97100000000137,319.372000000003,304.18300000000454,312.6909999999989,293.4520000000048,326.93099999999686,301.9959999999992],"b_cv":2.372991114441306,"b_heartbeats":[118,118,118,118,118,118,118,118,118,118,118,118,118,118,118],"b_median_ms":305.82599999999366,"b_wall_ms":[309.75300000000425,302.23800000000483,304.8889999999956,296.81299999999464,318.54499999999825,300.74600000000646,318.3489999999947,305.82599999999366,314.63300000000163,298.416999999994,309.0169999999998,301.17699999999604,300.2809999999954,316.2779999999984,306.3220000000001],"p":0.19136261152610645,"program":"dependent-types.prologos","significant":false,"speedup":0.020668615487261732,"z":-1.3065591353603359},{"U":41.0,"a_cv":3.9980561291511707,"a_heartbeats":[268,268,268,268,268,268,268,268,268,268,268,268,268,268,268],"a_median_ms":446.1790000000037,"a_wall_ms":[417.41399999999703,424.3839999999982,475.2059999999983,449.70700000000215,428.6270000000004,446.1790000000037,443.0570000000007,447.4409999999989,454.0169999999998,457.36700000000565,456.0390000000043,452.1619999999966,438.40499999999884,410.3159999999989,422.90899999999965],"b_cv":2.533861341103192,"b_heartbeats":[268,268,268,268,268,268,268,268,268,268,268,268,268,268,268],"b_median_ms":424.31900000000314,"b_wall_ms":[409.6970000000001,429.10399999999936,424.31900000000314,429.4519999999975,407.6030000000028,427.45300000000134,433.6930000000066,431.1270000000004,404.403999999995,412.1710000000021,436.87400000000343,409.06699999999546,428.7320000000036,422.14100000000326,415.5599999999977],"p":0.003020265031722813,"program":"higher-order.prologos","significant":true,"speedup":0.05151784388632241,"z":-2.9656818469290163},{"U":80.0,"a_cv":2.2243749817291425,"a_heartbeats":[406,406,406,406,406,406,406,406,406,406,406,406,406,406,406],"a_median_ms":460.46399999999994,"a_wall_ms":[471.1889999999985,468.65000000000146,460.46399999999994,437.65200000000186,458.6499999999942,460.71399999999994,460.0329999999958,437.8790000000008,462.5740000000005,462.6869999999981,463.17399999999907,457.54699999999866,447.1680000000051,448.762999999999,465.53199999999924],"b_cv":1.656440570463659,"b_heartbeats":[406,406,406,406,406,406,406,406,406,406,406,406,406,406,406],"b_median_ms":455.752999999997,"b_wall_ms":[451.400999999998,458.9690000000046,455.6080000000002,456.7159999999931,447.349000000002,459.75800000000163,452.4380000000019,447.97299999999814,443.1490000000049,457.58000000000175,462.40200000000186,455.752999999997,440.09799999999814,465.51699999999255,464.58200000000943],"p":0.17764653780541706,"program":"implicit-args.prologos","significant":false,"speedup":0.010336739418068452,"z":-1.3480372031495529},{"U":110.0,"a_cv":3.879026086048291,"a_heartbeats":[210,210,210,210,210,210,210,210,210,210,210,210,210,210,210],"a_median_ms":391.252999999997,"a_wall_ms":[372.18300000000454,421.2569999999978,391.252999999997,382.25500000000466,397.91399999998976,371.4459999999963,372.8600000000006,401.41599999999744,398.6750000000029,383.06600000000617,387.00999999999476,389.26200000000244,398.68900000001304,413.6219999999885,410.2170000000042],"b_cv":2.719791676585283,"b_heartbeats":[210,210,210,210,210,210,210,210,210,210,210,210,210,210,210],"b_median_ms":392.9170000000013,"b_wall_ms":[382.02399999999034,385.5540000000037,403.3700000000099,380.8220000000001,401.67399999999907,390.5880000000034,371.4800000000105,404.2609999999986,392.9170000000013,396.6049999999959,404.1449999999895,376.38700000000244,399.23700000000827,395.59100000000035,384.7719999999972],"p":0.9174111460221952,"program":"nat-arithmetic.prologos","significant":false,"speedup":-0.0042349911050025835,"z":-0.10369516947304253},{"U":77.0,"a_cv":11.799076916767891,"a_heartbeats":[273,273,273,273,273,273,273,273,273,273,273,273,273,273,273],"a_median_ms":467.39400000000023,"a_wall_ms":[432.7299999999959,448.44400000000314,421.89100000000326,445.61299999999756,508.6350000000093,453.52300000000105,467.39400000000023,461.3270000000048,484.6369999999879,547.9379999999946,500.2030000000086,632.5019999999931,566.4560000000056,444.1079999999929,494.2540000000008],"b_cv":7.658911971927831,"b_heartbeats":[273,273,273,273,273,273,273,273,273,273,273,273,273,273,273],"b_median_ms":449.93399999999383,"b_wall_ms":[431.24099999999453,436.0810000000056,549.3399999999965,478.028999999995,491.08600000001024,498.38300000000163,455.75599999999395,464.00500000000466,449.93399999999383,484.3020000000106,448.275999999998,432.4100000000035,413.83699999999953,438.1110000000044,428.4840000000113],"p":0.14089369274187868,"program":"pairs-sigma.prologos","significant":false,"speedup":0.03880569150143498,"z":-1.472471406517204},{"U":111.0,"a_cv":3.0747641867146474,"a_heartbeats":[199,199,199,199,199,199,199,199,199,199,199,199,199,199,199],"a_median_ms":333.4279999999999,"a_wall_ms":[340.16399999998976,330.24099999999453,353.79499999999825,346.820000000007,324.22299999999814,327.4320000000007,348.09100000000035,331.3740000000107,337.4369999999908,317.47000000000116,331.84500000000116,351.11599999999453,341.10899999999674,333.4279999999999,332.30800000000454],"b_cv":3.9193928626288206,"b_heartbeats":[199,199,199,199,199,199,199,199,199,199,199,199,199,199,199],"b_median_ms":334.8990000000049,"b_wall_ms":[332.099000000002,350.61900000000605,359.06699999999546,354.6730000000098,334.8990000000049,320.72799999998824,342.4579999999987,318.8420000000042,337.15800000001036,323.9250000000029,335.28800000000047,323.3380000000034,352.8249999999971,334.8380000000034,323.33600000001024],"p":0.950389801046509,"program":"pattern-matching.prologos","significant":false,"speedup":-0.0043923690426217465,"z":-0.062217101683825514},{"U":112.0,"a_cv":3.6329481729859046,