{"commit":"ed5f7e7","programs":[{"U":41.0,"a_cv":0.6780092364698539,"a_heartbeats":[9108,9108,9108,9108,9108,9108,9108,9108,9108,9108],"a_median_ms":17889.389499999997,"a_wall_ms":[17551.270999999997,17880.849000000002,17924.350999999995,17877.62000000001,17897.929999999993,17941.682,17958.35900000001,17853.098999999987,17911.15299999999,17752.736000000004],"b_cv":0.8279070739699967,"b_heartbeats":[9108,9108,9108,9108,9108,9108,9108,9108,9108,9108],"b_median_ms":17790.108999999997,"b_wall_ms":[17775.342000000004,17623.475999999995,17640.55899999998,17981.83600000001,17948.51000000001,17774.41200000001,17760.299,18091.695000000007,17853.097999999998,17804.87599999999],"p":0.49629155691919546,"program":"type-adversarial.prologos","significant":false,"speedup":0.0055806572067658156,"z":-0.680336051416609}],"runs_per_program":10,"timestamp":"2026-03-19T15:15:09Z"}
