{"commit":"72918cc","programs":[{"U":31.0,"a_cv":0.26236504456124077,"a_heartbeats":[5379,5379,5379,5379,5379,5379,5379,5379,5379,5379],"a_median_ms":14343.166500000007,"a_wall_ms":[14292.083999999999,14365.629999999997,14368.767999999996,14399.315000000002,14327.834999999992,14337.032000000007,14315.222999999998,14416.48000000001,14344.103000000003,14342.23000000001],"b_cv":0.37752750818895037,"b_heartbeats":[5379,5379,5379,5379,5379,5379,5379,5379,5379,5379],"b_median_ms":14365.519000000015,"b_wall_ms":[14401.515000000014,14490.489000000001,14287.853999999992,14371.587,14351.986999999994,14356.07799999998,14359.45100000003,14346.962,14396.638999999966,14426.402999999991],"p":0.1509270380754859,"program":"solve-adversarial.prologos","significant":false,"speedup":-0.0015559827667909198,"z":-1.4362649974350634}],"runs_per_program":10,"timestamp":"2026-03-19T14:05:53Z"}
