{"commit":"1810d2b","programs":[{"U":8.0,"a_cv":6.215926341579622,"a_heartbeats":[8847,8847,8847,8847,8847],"a_median_ms":15485.786,"a_wall_ms":[15485.786,15276.835999999996,15683.139000000003,16891.220999999998,14197.100999999995],"b_cv":4.833975827868982,"b_heartbeats":[8847,8847,8847,8847,8847],"b_median_ms":14286.688999999984,"b_wall_ms":[15147.625,15828.962999999989,14251.595000000001,14250.873000000021,14286.688999999984],"p":0.34720760247459737,"program":"constraints-adversarial.prologos","significant":false,"speedup":0.08393106338354661,"z":-0.9400193421607683}],"runs_per_program":5,"timestamp":"2026-03-18T09:26:29Z"}
