{"commit":"38cc952","programs":[{"U":47.0,"a_cv":3.554387564450207,"a_heartbeats":[6915,6915,6915,6915,6915,6915,6915,6915,6915,6915],"a_median_ms":15013.217499999999,"a_wall_ms":[16140.97,14905.487000000001,15106.938999999998,15782.889000000003,15404.85100000001,14919.496,14596.608999999997,15584.839999999997,14875.532000000007,14447.866999999998],"b_cv":3.7290419790350526,"b_heartbeats":[6915,6915,6915,6915,6915,6915,6915,6915,6915,6915],"b_median_ms":14906.202999999994,"b_wall_ms":[15665.174999999988,14903.620999999985,14606.017999999982,14908.785000000003,15749.237999999983,15134.92300000001,14765.396999999997,14780.152000000002,16341.431999999972,14781.48999999999],"p":0.8205959179331934,"program":"constraints-adversarial.prologos","significant":false,"speedup":0.007179192447600791,"z":-0.22677868380553634}],"runs_per_program":10,"timestamp":"2026-03-18T13:52:26Z"}
